{
  "schema": 1,
  "generated": "2026-07-13T17:35:23+00:00",
  "git_commit": "a4f10c2",
  "dataset": {
    "name": "nfcorpus",
    "documents": 3633,
    "queries": 323
  },
  "embedding": {
    "provider": "sentence_transformers",
    "model": "all-MiniLM-L6-v2"
  },
  "index": {
    "faiss_index_type": "IndexFlatL2"
  },
  "chunking": {
    "chunking_method": "sentences",
    "chunk_size": 500,
    "chunk_overlap": 1
  },
  "k": 10,
  "primary_metric": "ndcg@10",
  "default_config": "hybrid vw=0.7 \u00b7 frequency_boost",
  "results": {
    "vector \u00b7 best": {
      "recall@1": 0.043635367080445506,
      "recall@5": 0.11557267938549297,
      "recall@10": 0.15282666158900646,
      "ndcg@10": 0.31188350056783465
    },
    "vector \u00b7 average": {
      "recall@1": 0.04377296597965432,
      "recall@5": 0.11713294695601861,
      "recall@10": 0.1526070692558179,
      "ndcg@10": 0.3119132596417098
    },
    "vector \u00b7 frequency_boost": {
      "recall@1": 0.04002270292784569,
      "recall@5": 0.11360324523595447,
      "recall@10": 0.15259262587567707,
      "ndcg@10": 0.3051755054673743
    },
    "keyword \u00b7 best": {
      "recall@1": 0.05571349046818593,
      "recall@5": 0.11970923264418609,
      "recall@10": 0.14543577612774947,
      "ndcg@10": 0.30167941759689276
    },
    "keyword \u00b7 average": {
      "recall@1": 0.055328838999943133,
      "recall@5": 0.12005706575464134,
      "recall@10": 0.14515156453945668,
      "ndcg@10": 0.30134501144821463
    },
    "keyword \u00b7 frequency_boost": {
      "recall@1": 0.05571349046818593,
      "recall@5": 0.11970923264418609,
      "recall@10": 0.14543577612774947,
      "ndcg@10": 0.30167941759689276
    },
    "hybrid vw=0.3 \u00b7 best": {
      "recall@1": 0.05908071422201133,
      "recall@5": 0.1234134965480583,
      "recall@10": 0.16006502483761192,
      "ndcg@10": 0.3246471319581809
    },
    "hybrid vw=0.3 \u00b7 average": {
      "recall@1": 0.05928711257082454,
      "recall@5": 0.1269950849602947,
      "recall@10": 0.15904044202827328,
      "ndcg@10": 0.3247746473276884
    },
    "hybrid vw=0.3 \u00b7 frequency_boost": {
      "recall@1": 0.059158113602816295,
      "recall@5": 0.12343965302083416,
      "recall@10": 0.16087221505328003,
      "ndcg@10": 0.32521119732878007
    },
    "hybrid vw=0.5 \u00b7 best": {
      "recall@1": 0.055178889851720946,
      "recall@5": 0.13032856788765154,
      "recall@10": 0.1659180401986076,
      "ndcg@10": 0.3369887423647334
    },
    "hybrid vw=0.5 \u00b7 average": {
      "recall@1": 0.054675035059029875,
      "recall@5": 0.13289053837607365,
      "recall@10": 0.16645230931485647,
      "ndcg@10": 0.3369562259420997
    },
    "hybrid vw=0.5 \u00b7 frequency_boost": {
      "recall@1": 0.055178889851720946,
      "recall@5": 0.13025485419164684,
      "recall@10": 0.1659850755597606,
      "ndcg@10": 0.33672245170672305
    },
    "hybrid vw=0.7 \u00b7 best": {
      "recall@1": 0.050081108369235385,
      "recall@5": 0.12588784961771513,
      "recall@10": 0.16376444484054345,
      "ndcg@10": 0.32961243749616226
    },
    "hybrid vw=0.7 \u00b7 average": {
      "recall@1": 0.04894591745076273,
      "recall@5": 0.1287501360244064,
      "recall@10": 0.16369186088566762,
      "ndcg@10": 0.3286294230009488
    },
    "hybrid vw=0.7 \u00b7 frequency_boost": {
      "recall@1": 0.050253106993246394,
      "recall@5": 0.12591719708972005,
      "recall@10": 0.16376444484054345,
      "ndcg@10": 0.3297701699430905
    },
    "hybrid vw=0.9 \u00b7 best": {
      "recall@1": 0.04386240526414004,
      "recall@5": 0.11875777149358457,
      "recall@10": 0.15677211579687272,
      "ndcg@10": 0.3179264480722373
    },
    "hybrid vw=0.9 \u00b7 average": {
      "recall@1": 0.04417200278735985,
      "recall@5": 0.12085246336014444,
      "recall@10": 0.15658177283561853,
      "ndcg@10": 0.3177665210144244
    },
    "hybrid vw=0.9 \u00b7 frequency_boost": {
      "recall@1": 0.04386240526414004,
      "recall@5": 0.11875777149358457,
      "recall@10": 0.15675632000487172,
      "ndcg@10": 0.3172543689164038
    }
  }
}
