{
  "schema": 1,
  "generated": "2026-07-10T01:47:32+00:00",
  "git_commit": "26a92ce",
  "dataset": {
    "name": "scifact",
    "documents": 5183,
    "queries": 300
  },
  "embedding": {
    "provider": "sentence_transformers",
    "model": "all-MiniLM-L6-v2"
  },
  "index": {
    "faiss_index_type": "IndexFlatL2"
  },
  "chunking": {
    "chunking_method": "sentences",
    "chunk_size": 500,
    "chunk_overlap": 1
  },
  "k": 10,
  "primary_metric": "ndcg@10",
  "default_config": "hybrid vw=0.7 \u00b7 frequency_boost",
  "results": {
    "vector \u00b7 best": {
      "recall@1": 0.48,
      "recall@5": 0.7406111111111111,
      "recall@10": 0.786,
      "ndcg@10": 0.644655856328234
    },
    "vector \u00b7 average": {
      "recall@1": 0.4756666666666666,
      "recall@5": 0.7381111111111112,
      "recall@10": 0.7858333333333334,
      "ndcg@10": 0.644059537347172
    },
    "vector \u00b7 frequency_boost": {
      "recall@1": 0.44555555555555554,
      "recall@5": 0.7195,
      "recall@10": 0.7871111111111111,
      "ndcg@10": 0.6221100721310897
    },
    "keyword \u00b7 best": {
      "recall@1": 0.5183333333333333,
      "recall@5": 0.7187222222222223,
      "recall@10": 0.7875555555555556,
      "ndcg@10": 0.6577463528924068
    },
    "keyword \u00b7 average": {
      "recall@1": 0.49333333333333335,
      "recall@5": 0.7037222222222222,
      "recall@10": 0.7825555555555556,
      "ndcg@10": 0.6427229748810185
    },
    "keyword \u00b7 frequency_boost": {
      "recall@1": 0.5183333333333333,
      "recall@5": 0.7187222222222223,
      "recall@10": 0.7875555555555556,
      "ndcg@10": 0.6577463528924068
    },
    "hybrid vw=0.3 \u00b7 best": {
      "recall@1": 0.49566666666666664,
      "recall@5": 0.7311111111111112,
      "recall@10": 0.8062222222222223,
      "ndcg@10": 0.6591965870994858
    },
    "hybrid vw=0.3 \u00b7 average": {
      "recall@1": 0.49066666666666664,
      "recall@5": 0.7252777777777778,
      "recall@10": 0.7987222222222222,
      "ndcg@10": 0.6522886886241854
    },
    "hybrid vw=0.3 \u00b7 frequency_boost": {
      "recall@1": 0.48566666666666664,
      "recall@5": 0.7311111111111112,
      "recall@10": 0.8062222222222223,
      "ndcg@10": 0.6542120233356402
    },
    "hybrid vw=0.5 \u00b7 best": {
      "recall@1": 0.49566666666666664,
      "recall@5": 0.7311111111111112,
      "recall@10": 0.8062222222222223,
      "ndcg@10": 0.6591965870994858
    },
    "hybrid vw=0.5 \u00b7 average": {
      "recall@1": 0.49066666666666664,
      "recall@5": 0.7252777777777778,
      "recall@10": 0.7987222222222222,
      "ndcg@10": 0.6522886886241854
    },
    "hybrid vw=0.5 \u00b7 frequency_boost": {
      "recall@1": 0.43788888888888894,
      "recall@5": 0.73,
      "recall@10": 0.8045555555555556,
      "ndcg@10": 0.6298533959920387
    },
    "hybrid vw=0.7 \u00b7 best": {
      "recall@1": 0.49566666666666664,
      "recall@5": 0.7277777777777779,
      "recall@10": 0.8078888888888889,
      "ndcg@10": 0.6596683797952555
    },
    "hybrid vw=0.7 \u00b7 average": {
      "recall@1": 0.48066666666666663,
      "recall@5": 0.7111111111111111,
      "recall@10": 0.8028888888888889,
      "ndcg@10": 0.6482606236011537
    },
    "hybrid vw=0.7 \u00b7 frequency_boost": {
      "recall@1": 0.4495555555555556,
      "recall@5": 0.7180555555555556,
      "recall@10": 0.8023333333333333,
      "ndcg@10": 0.6342965822081862
    },
    "hybrid vw=0.9 \u00b7 best": {
      "recall@1": 0.49566666666666664,
      "recall@5": 0.7286111111111111,
      "recall@10": 0.8053888888888889,
      "ndcg@10": 0.6589544721399279
    },
    "hybrid vw=0.9 \u00b7 average": {
      "recall@1": 0.4773333333333333,
      "recall@5": 0.7186111111111111,
      "recall@10": 0.8045555555555556,
      "ndcg@10": 0.6497277237589243
    },
    "hybrid vw=0.9 \u00b7 frequency_boost": {
      "recall@1": 0.4628888888888889,
      "recall@5": 0.7155555555555555,
      "recall@10": 0.7998333333333333,
      "ndcg@10": 0.63975066524884
    }
  }
}
