{
  "schema": 1,
  "generated": "2026-07-10T15:08:46+00:00",
  "git_commit": "a6d2e98",
  "dataset": {
    "name": "scifact",
    "documents": 5183,
    "queries": 300
  },
  "embedding": {
    "provider": "sentence_transformers",
    "model": "all-MiniLM-L6-v2"
  },
  "index": {
    "faiss_index_type": "IndexFlatL2"
  },
  "chunking": {
    "chunking_method": "sentences",
    "chunk_size": 500,
    "chunk_overlap": 1
  },
  "k": 10,
  "primary_metric": "ndcg@10",
  "default_config": "hybrid vw=0.7 \u00b7 frequency_boost",
  "results": {
    "vector \u00b7 best": {
      "recall@1": 0.48,
      "recall@5": 0.7406111111111111,
      "recall@10": 0.786,
      "ndcg@10": 0.644655856328234
    },
    "vector \u00b7 average": {
      "recall@1": 0.4756666666666666,
      "recall@5": 0.7381111111111112,
      "recall@10": 0.7858333333333334,
      "ndcg@10": 0.644059537347172
    },
    "vector \u00b7 frequency_boost": {
      "recall@1": 0.44555555555555554,
      "recall@5": 0.7195,
      "recall@10": 0.7871111111111111,
      "ndcg@10": 0.6221100721310897
    },
    "keyword \u00b7 best": {
      "recall@1": 0.5183333333333333,
      "recall@5": 0.7187222222222223,
      "recall@10": 0.7875555555555556,
      "ndcg@10": 0.6577463528924068
    },
    "keyword \u00b7 average": {
      "recall@1": 0.49333333333333335,
      "recall@5": 0.7037222222222222,
      "recall@10": 0.7825555555555556,
      "ndcg@10": 0.6427229748810185
    },
    "keyword \u00b7 frequency_boost": {
      "recall@1": 0.5183333333333333,
      "recall@5": 0.7187222222222223,
      "recall@10": 0.7875555555555556,
      "ndcg@10": 0.6577463528924068
    },
    "hybrid vw=0.3 \u00b7 best": {
      "recall@1": 0.5591666666666667,
      "recall@5": 0.7572777777777778,
      "recall@10": 0.8251666666666667,
      "ndcg@10": 0.6999131287574318
    },
    "hybrid vw=0.3 \u00b7 average": {
      "recall@1": 0.5458333333333333,
      "recall@5": 0.7508888888888889,
      "recall@10": 0.8243333333333334,
      "ndcg@10": 0.6942218494579039
    },
    "hybrid vw=0.3 \u00b7 frequency_boost": {
      "recall@1": 0.5616666666666666,
      "recall@5": 0.7539444444444444,
      "recall@10": 0.8251666666666667,
      "ndcg@10": 0.7003553112829792
    },
    "hybrid vw=0.5 \u00b7 best": {
      "recall@1": 0.5620555555555555,
      "recall@5": 0.7714444444444445,
      "recall@10": 0.8410000000000001,
      "ndcg@10": 0.7132527840845043
    },
    "hybrid vw=0.5 \u00b7 average": {
      "recall@1": 0.5520555555555556,
      "recall@5": 0.7679444444444444,
      "recall@10": 0.8401666666666667,
      "ndcg@10": 0.7086341779771453
    },
    "hybrid vw=0.5 \u00b7 frequency_boost": {
      "recall@1": 0.5528888888888889,
      "recall@5": 0.7714444444444445,
      "recall@10": 0.8410000000000001,
      "ndcg@10": 0.7090218119646848
    },
    "hybrid vw=0.7 \u00b7 best": {
      "recall@1": 0.5406666666666666,
      "recall@5": 0.7596111111111111,
      "recall@10": 0.8260000000000001,
      "ndcg@10": 0.6935425237981001
    },
    "hybrid vw=0.7 \u00b7 average": {
      "recall@1": 0.5356666666666666,
      "recall@5": 0.7604444444444444,
      "recall@10": 0.8218333333333334,
      "ndcg@10": 0.6923807832294642
    },
    "hybrid vw=0.7 \u00b7 frequency_boost": {
      "recall@1": 0.5406666666666666,
      "recall@5": 0.7596111111111111,
      "recall@10": 0.8260000000000001,
      "ndcg@10": 0.6940492104546563
    },
    "hybrid vw=0.9 \u00b7 best": {
      "recall@1": 0.504,
      "recall@5": 0.7417222222222223,
      "recall@10": 0.801,
      "ndcg@10": 0.6617387601337534
    },
    "hybrid vw=0.9 \u00b7 average": {
      "recall@1": 0.4923333333333333,
      "recall@5": 0.7392222222222222,
      "recall@10": 0.8008333333333333,
      "ndcg@10": 0.6585844173278933
    },
    "hybrid vw=0.9 \u00b7 frequency_boost": {
      "recall@1": 0.504,
      "recall@5": 0.7417222222222223,
      "recall@10": 0.801,
      "ndcg@10": 0.6614491420705245
    }
  }
}
